Client Nature,Telegram Name,Trading Platform, Trading Account Number,Account password,Server Name,Server ID,Account Balance,Account Type,Fixed Lot Size,Algo Plan,Client Information, NOTE,SETUP,STATUS,VPS No.,ID,PARAMETERS,ACTIVATION,VPS Expire(6months)
New Client,Natalie ,MT5,5139153,raLP%10\,EightcapGlobal-Live,EightcapGlobal-Live,509.0,Personal,0.04,Broker Lifetime,"Natalie 
MT5
5139153
raLP%10\
EightcapGlobal-Live
EightcapGlobal-Live
509$
Personal
4.00%",,True,Running,CV17,10304,0.01,2026-05-04,2026-09-04
New Client,Dinnah Katushabe,MT5,5141568,MbXGO@f5,EightcapGlobal-Live,,510.7,Personal,0.01,Broker Lifetime,"Dinnah Katushabe
MT5
5141568
MbXGO@f5
EightcapGlobal-Live
511$
Personal
1.00%",,True,Running,CV5,10374,0.01,2026-06-08,2026-12-08
New Client,Max Joos,MT5,5143174,$e2r#9PX,Eightcap-Global,Eightcap-Global-Live,500.0,Personal,0.01,Broker Lifetime,"Max Joos
MT5
5143174
$e2r#9PX
Eightcap-Global
Eightcap-Global-Live
500$
Personal
1.00%",,True,Running,CV17,10371,0.01,2026-06-16,2026-12-16
New Client,Ol ,MT5,5139684,Olejka1972&,EightcapGlobal Live,,524.0,Personal,0.01,Broker Lifetime,"Ol 
MT5
5139684
Olejka1972&
EightcapGlobal Live
524$
Personal
1.00%",,True,Running,CV1,10368,0.01,2026-06-25,2026-12-25
